{"cameraMode":{"drawMode":0,"name":"Shaded","section":"Shading Mode"},"sceneLighting":true,"audioPlay":false,"sceneViewState":{"m_AlwaysRefresh":false,"showFog":true,"showSkybox":true,"showFlares":true,"showImageEffects":true,"showParticleSystems":true,"showVisualEffectGraphs":true,"m_FxEnabled":true},"in2DMode":false,"pivot":{"x":16.716032028198243,"y":-17.528650283813478,"z":85.23353576660156},"rotation":{"x":0.10566846281290055,"y":0.10806785523891449,"z":-0.011553166434168816,"w":0.9884409308433533},"size":46.94745635986328,"orthographic":false}