{"cameraMode":{"drawMode":0,"name":"Shaded","section":"Shading Mode"},"sceneLighting":true,"audioPlay":false,"sceneViewState":{"m_AlwaysRefresh":false,"showFog":true,"showSkybox":true,"showFlares":true,"showImageEffects":true,"showParticleSystems":true,"showVisualEffectGraphs":true,"m_FxEnabled":true},"in2DMode":false,"pivot":{"x":-44.56425857543945,"y":-7.0986528396606449,"z":81.05216979980469},"rotation":{"x":0.04195573180913925,"y":-0.26272299885749819,"z":0.011435691267251969,"w":0.9638903737068176},"size":61.967613220214847,"orthographic":false}