{"cameraMode":{"drawMode":0,"name":"Shaded","section":"Shading Mode"},"sceneLighting":true,"audioPlay":false,"sceneViewState":{"m_AlwaysRefresh":false,"showFog":true,"showSkybox":true,"showFlares":true,"showImageEffects":true,"showParticleSystems":true,"showVisualEffectGraphs":true,"m_FxEnabled":true},"in2DMode":false,"pivot":{"x":4.267405033111572,"y":4.015767574310303,"z":-2.9533779621124269},"rotation":{"x":-0.13103079795837403,"y":-0.11512469500303269,"z":0.015321535989642144,"w":-0.9845491051673889},"size":7.559544086456299,"orthographic":false}